{
  "class_distribution": {
    "classes": {
      "1": {
        "area_m2": 69012.07040000564,
        "fraction": 0.06108590297444431,
        "pixels": 2695784
      },
      "2": {
        "area_m2": 123560.65280001011,
        "fraction": 0.1093694770299168,
        "pixels": 4826588
      },
      "3": {
        "area_m2": 937181.7216000766,
        "fraction": 0.8295446199956389,
        "pixels": 36608661
      }
    },
    "total_valid_area_m2": 1129754.4448000924
  },
  "class_distribution_5class": {
    "classes": {
      "1": {
        "area_m2": 8627.993600000706,
        "fraction": 0.007637052139704049,
        "pixels": 337031
      },
      "2": {
        "area_m2": 60384.076800004936,
        "fraction": 0.05344885083474026,
        "pixels": 2358753
      },
      "3": {
        "area_m2": 123560.65280001011,
        "fraction": 0.1093694770299168,
        "pixels": 4826588
      },
      "4": {
        "area_m2": 377844.3776000309,
        "fraction": 0.3344482328342507,
        "pixels": 14759546
      },
      "5": {
        "area_m2": 559337.3440000458,
        "fraction": 0.49509638716138826,
        "pixels": 21849115
      }
    },
    "total_valid_area_m2": 1129754.4448000924
  },
  "dtm_valid_fraction": 0.4345505961539045,
  "outputs": [
    "IBGE_method/outputs/ibge_class_map_3class.tif",
    "IBGE_method/outputs/ibge_class_map_5class.tif",
    "IBGE_method/outputs/ibge_land_use_custom_lulc.tif",
    "IBGE_method/outputs/ibge_note_geology.tif",
    "IBGE_method/outputs/ibge_note_geomorphology.tif",
    "IBGE_method/outputs/ibge_note_land_use_vegetation.tif",
    "IBGE_method/outputs/ibge_note_pedology.tif",
    "IBGE_method/outputs/ibge_note_pluviosity.tif",
    "IBGE_method/outputs/ibge_note_slope.tif",
    "IBGE_method/outputs/ibge_pluviosity_pma_mm.tif",
    "IBGE_method/outputs/ibge_susceptibility_score.tif",
    "IBGE_method/outputs/ibge_susceptibility_score_1to10.tif",
    "IBGE_method/outputs/ibge_valid_mask.tif"
  ],
  "score_1_to_10_max": 8.942044258117676,
  "score_1_to_10_min": 3.2905638217926025,
  "theme_metadata": {
    "geology": {
      "crs": "PROJCS[\"SIRGAS 2000 / UTM zone 24S\",GEOGCS[\"SIRGAS 2000\",DATUM[\"Sistema_de_Referencia_Geocentrico_para_las_AmericaS_2000\",SPHEROID[\"GRS 1980\",6378137,298.257222101004,AUTHORITY[\"EPSG\",\"7019\"]],TOWGS84[0,0,0,0,0,0,0],AUTHORITY[\"EPSG\",\"6674\"]],PRIMEM[\"Greenwich\",0],UNIT[\"degree\",0.0174532925199433,AUTHORITY[\"EPSG\",\"9122\"]],AUTHORITY[\"EPSG\",\"4674\"]],PROJECTION[\"Transverse_Mercator\"],PARAMETER[\"latitude_of_origin\",0],PARAMETER[\"central_meridian\",-39],PARAMETER[\"scale_factor\",0.9996],PARAMETER[\"false_easting\",500000],PARAMETER[\"false_northing\",10000000],UNIT[\"metre\",1,AUTHORITY[\"EPSG\",\"9001\"]],AXIS[\"Easting\",EAST],AXIS[\"Northing\",NORTH],AUTHORITY[\"EPSG\",\"31984\"]]",
      "feature_count": 1,
      "field": "SIGLA_UNID",
      "label": "Geology proxy",
      "mapped_values": {
        "PRps": 7.3
      },
      "name": "GEO",
      "path": "/home/kaue/Downloads/05_Geospatial_Data_Maps/sig_cachoeirodoitapemirim_es_suscet/data_interest_area/06.Geologia/Geologia.shp",
      "source_role": "Local higher-resolution SIG/SGB geology proxy for IBGE BDIA geology.",
      "unknown_values": [],
      "values": [
        "PRps"
      ]
    },
    "geomorphology": {
      "crs": "PROJCS[\"SIRGAS 2000 / UTM zone 24S\",GEOGCS[\"SIRGAS 2000\",DATUM[\"Sistema_de_Referencia_Geocentrico_para_las_AmericaS_2000\",SPHEROID[\"GRS 1980\",6378137,298.257222101004,AUTHORITY[\"EPSG\",\"7019\"]],TOWGS84[0,0,0,0,0,0,0],AUTHORITY[\"EPSG\",\"6674\"]],PRIMEM[\"Greenwich\",0],UNIT[\"degree\",0.0174532925199433,AUTHORITY[\"EPSG\",\"9122\"]],AUTHORITY[\"EPSG\",\"4674\"]],PROJECTION[\"Transverse_Mercator\"],PARAMETER[\"latitude_of_origin\",0],PARAMETER[\"central_meridian\",-39],PARAMETER[\"scale_factor\",0.9996],PARAMETER[\"false_easting\",500000],PARAMETER[\"false_northing\",10000000],UNIT[\"metre\",1,AUTHORITY[\"EPSG\",\"9001\"]],AXIS[\"Easting\",EAST],AXIS[\"Northing\",NORTH],AUTHORITY[\"EPSG\",\"31984\"]]",
      "feature_count": 5,
      "field": "Classe",
      "label": "Geomorphology proxy",
      "mapped_values": {
        "Colinas": 3.0,
        "Morros altos": 9.0,
        "Morros baixos": 7.0,
        "Plan\u00edcies e terra\u00e7os fluviais": 1.0
      },
      "name": "GEM",
      "path": "/home/kaue/Downloads/05_Geospatial_Data_Maps/sig_cachoeirodoitapemirim_es_suscet/data_interest_area/04.Padr\u00f5esDeRelevo/Relevo.shp",
      "source_role": "Local higher-resolution relief-pattern proxy for IBGE BDIA geomorphology.",
      "unknown_values": [],
      "values": [
        "Colinas",
        "Morros altos",
        "Morros baixos",
        "Plan\u00edcies e terra\u00e7os fluviais"
      ]
    },
    "land_use": {
      "class_to_ibge_note": {
        "1": 10.0,
        "2": 5.0,
        "3": 0.0,
        "4": 2.0,
        "5": 1.0
      },
      "path": "/home/kaue/landslide_susc_modelling/IBGE_method/own_LULC/outputs_fullres/lulc_custom_ensemble_16cm.tif",
      "source": "Custom polygon-trained LULC"
    },
    "land_use_classes": [
      1,
      2,
      3,
      4,
      5
    ],
    "pedology": {
      "crs": "PROJCS[\"SIRGAS 2000 / UTM zone 24S\",GEOGCS[\"SIRGAS 2000\",DATUM[\"Sistema_de_Referencia_Geocentrico_para_las_AmericaS_2000\",SPHEROID[\"GRS 1980\",6378137,298.257222101004,AUTHORITY[\"EPSG\",\"7019\"]],TOWGS84[0,0,0,0,0,0,0],AUTHORITY[\"EPSG\",\"6674\"]],PRIMEM[\"Greenwich\",0],UNIT[\"degree\",0.0174532925199433,AUTHORITY[\"EPSG\",\"9122\"]],AUTHORITY[\"EPSG\",\"4674\"]],PROJECTION[\"Transverse_Mercator\"],PARAMETER[\"latitude_of_origin\",0],PARAMETER[\"central_meridian\",-39],PARAMETER[\"scale_factor\",0.9996],PARAMETER[\"false_easting\",500000],PARAMETER[\"false_northing\",10000000],UNIT[\"metre\",1,AUTHORITY[\"EPSG\",\"9001\"]],AXIS[\"Easting\",EAST],AXIS[\"Northing\",NORTH],AUTHORITY[\"EPSG\",\"31984\"]]",
      "feature_count": 3,
      "field": "DESC_",
      "label": "Pedology proxy",
      "mapped_values": {
        "PEe1": 8.0,
        "Rios": 0.0
      },
      "name": "PED",
      "path": "/home/kaue/Downloads/05_Geospatial_Data_Maps/sig_cachoeirodoitapemirim_es_suscet/data_interest_area/07.Pedologia/Pedologia.shp",
      "source_role": "Local higher-resolution pedology proxy for IBGE BDIA pedology.",
      "unknown_values": [],
      "values": [
        "PEe1",
        "Rios"
      ]
    },
    "pluviosity": {
      "path": "/home/kaue/Downloads/05_Geospatial_Data_Maps/sig_cachoeirodoitapemirim_es_suscet/data_interest_area/08.Isoietas/AtlasPluviometrico/IsoietasAnuaisMedias/pma2",
      "role": "IBGE-compatible rainfall input, resampled bilinearly and converted to a continuous adapted note through the IBGE rainfall thresholds.",
      "source": "CPRM/SGB Atlas Pluviometrico annual mean precipitation"
    },
    "slope": {
      "path": "/home/kaue/data/landslide/dtm_final.tif",
      "role": "Higher-resolution substitute for SRTM/CGIAR-CSI 90 m.",
      "source": "Drone DTM"
    }
  },
  "theme_pixel_stats": {
    "geology": {
      "valid_note_pixels": 44972904,
      "zero_or_excluded_pixels_on_valid_dtm": 0
    },
    "geomorphology": {
      "valid_note_pixels": 44972904,
      "zero_or_excluded_pixels_on_valid_dtm": 0
    },
    "land_use": {
      "valid_note_pixels": 44502702,
      "zero_or_excluded_pixels_on_valid_dtm": 470202
    },
    "pedology": {
      "valid_note_pixels": 44420881,
      "zero_or_excluded_pixels_on_valid_dtm": 552023
    },
    "pluviosity": {
      "valid_note_pixels": 44972904,
      "zero_or_excluded_pixels_on_valid_dtm": 0
    },
    "slope": {
      "valid_note_pixels": 44972904,
      "zero_or_excluded_pixels_on_valid_dtm": 0
    }
  },
  "valid_fraction": 0.42641601927768846
}