{
  "payload": {
    "alternative_dtm": "/home/kaue/data/landslide/DTM_OTJC_3_1_16cm.tif",
    "alternative_score": "/home/kaue/landslide_susc_modelling/IBGE_method/dtm_sensitivity/DTM_OTJC_3_1_16cm/outputs/ibge_susceptibility_score_1to10.tif",
    "class5_transition": {
      "downward_class_fraction": 0.1312768046920633,
      "downward_class_pixels": 5793381,
      "same_class_fraction": 0.7445380895570698,
      "same_class_pixels": 32857235,
      "upward_class_fraction": 0.12418510575086697,
      "upward_class_pixels": 5480417
    },
    "class5_transition_csv": "/home/kaue/landslide_susc_modelling/IBGE_method/dtm_sensitivity/DTM_OTJC_3_1_16cm/comparison/class5_transition_matrix.csv",
    "difference_definition": "alternative_score_1to10_minus_final_score_1to10",
    "difference_raster": "/home/kaue/landslide_susc_modelling/IBGE_method/dtm_sensitivity/DTM_OTJC_3_1_16cm/comparison/score_difference_alt_minus_final.tif",
    "dtm_difference_definition": "alternative_dtm_minus_final_dtm",
    "dtm_difference_histogram_csv": "/home/kaue/landslide_susc_modelling/IBGE_method/dtm_sensitivity/DTM_OTJC_3_1_16cm/comparison/dtm_difference_histogram.csv",
    "dtm_difference_preview": "/home/kaue/landslide_susc_modelling/IBGE_method/dtm_sensitivity/DTM_OTJC_3_1_16cm/comparison/dtm_difference_gray.png",
    "dtm_difference_raster": "/home/kaue/landslide_susc_modelling/IBGE_method/dtm_sensitivity/DTM_OTJC_3_1_16cm/comparison/dtm_difference_alt_minus_final.tif",
    "dtm_difference_stats": {
      "count": 44972904,
      "max": 13.0152587890625,
      "mean": -0.25189048051834106,
      "mean_absolute_error": 0.30091989040374756,
      "median": -0.1776123046875,
      "median_absolute_difference": 0.17978668212890625,
      "min": -14.54998779296875,
      "negative_fraction": 0.9545767157931362,
      "negative_pixels": 42930087,
      "p01": -3.460212478637695,
      "p05": -0.5516738891601562,
      "p10": -0.29662322998046875,
      "p25": -0.20584869384765625,
      "p75": -0.15155029296875,
      "p90": -0.1069488525390625,
      "p95": -0.0194854736328125,
      "p99": 0.6713485717773438,
      "positive_fraction": 0.04542168324286997,
      "positive_pixels": 2042745,
      "rmse": 0.7454258894437212,
      "std": 0.7015771865844727,
      "within_abs_threshold_fraction": {
        "0.01": 0.004193725181722755,
        "0.05": 0.022701158012833685,
        "0.10": 0.06043176575833306,
        "0.25": 0.8419591049757428,
        "0.50": 0.9325900991405848,
        "1.00": 0.9632131382932265
      },
      "zero_pixels_exact": 72
    },
    "dtm_difference_stats_csv": "/home/kaue/landslide_susc_modelling/IBGE_method/dtm_sensitivity/DTM_OTJC_3_1_16cm/comparison/dtm_difference_stats.csv",
    "experiment": "IBGE DTM sensitivity: DTM_OTJC_3_1_16cm systematic-error DTM",
    "final_dtm": "/home/kaue/data/landslide/dtm_final.tif",
    "final_score": "/home/kaue/landslide_susc_modelling/IBGE_method/outputs/ibge_susceptibility_score_1to10.tif",
    "histogram_csv": "/home/kaue/landslide_susc_modelling/IBGE_method/dtm_sensitivity/DTM_OTJC_3_1_16cm/comparison/difference_histogram.csv",
    "histogram_png": "/home/kaue/landslide_susc_modelling/IBGE_method/dtm_sensitivity/DTM_OTJC_3_1_16cm/comparison/difference_histogram.png",
    "lulc": "/home/kaue/landslide_susc_modelling/IBGE_method/own_LULC/outputs_fullres/lulc_custom_ensemble_16cm.tif",
    "reference_grid": {
      "bounds": [
        270100.8815011497,
        7709029.145493787,
        271009.36150114966,
        7711945.465493787
      ],
      "crs": "EPSG:31984",
      "height": 18227,
      "pixel_area_m2": 0.025600000000002093,
      "resolution": [
        0.15999999999999673,
        0.16000000000001635
      ],
      "width": 5678
    },
    "score_difference_stats": {
      "count": 44131033,
      "max": 3.15000057220459,
      "mean": -0.01045453641563654,
      "mean_absolute_error": 0.34710079431533813,
      "median": 0.0,
      "median_absolute_difference": 0.0,
      "min": -3.15000057220459,
      "negative_fraction": 0.22157380725712902,
      "negative_pixels": 9778281,
      "p01": -1.7499995231628418,
      "p05": -1.0499992370605469,
      "p10": -0.7000002861022949,
      "p25": 0.0,
      "p75": 0.0,
      "p90": 0.7000002861022949,
      "p95": 1.0499992370605469,
      "p99": 1.4000000953674316,
      "positive_fraction": 0.2125579068135568,
      "positive_pixels": 9380400,
      "rmse": 0.5887338929849109,
      "std": 0.5886403918266296,
      "within_abs_threshold_fraction": {
        "0.01": 0.5658682859293142,
        "0.05": 0.5658682859293142,
        "0.10": 0.5658682859293142,
        "0.25": 0.5658682859293142,
        "0.50": 0.6921265813107071,
        "1.00": 0.8229572600306002
      },
      "zero_pixels_exact": 24972352
    },
    "valid_comparison_mask": "/home/kaue/landslide_susc_modelling/IBGE_method/dtm_sensitivity/DTM_OTJC_3_1_16cm/comparison/valid_comparison_mask.tif",
    "valid_pixel_accounting": {
      "alternative_only_valid_pixels": 0,
      "alternative_valid_pixels": 44131033,
      "common_valid_area_m2": 1129754.4448000924,
      "common_valid_pixels": 44131033,
      "dtm_common_valid_area_m2": 1151306.342400094,
      "dtm_common_valid_pixels": 44972904,
      "final_only_valid_pixels": 0,
      "final_valid_pixels": 44131033
    }
  },
  "assets": {
    "dtm_final": "assets/sensitivity_dtm_final_gray.jpg",
    "dtm_biased": "assets/sensitivity_dtm_biased_gray.jpg",
    "score_final": "assets/sensitivity_score_final_viridis.jpg",
    "score_biased": "assets/sensitivity_score_biased_viridis.jpg",
    "dtm_difference": "assets/sensitivity_dtm_difference_gray.jpg",
    "score_difference": "assets/sensitivity_score_difference_viridis.jpg",
    "histogram": "assets/sensitivity_difference_histogram.png",
    "stats_json": "assets/sensitivity_difference_stats.json",
    "report_md": "assets/sensitivity_comparison_report.md",
    "class_transition_csv": "assets/sensitivity_class5_transition_matrix.csv",
    "histogram_csv": "assets/sensitivity_difference_histogram.csv",
    "dtm_histogram_csv": "assets/sensitivity_dtm_difference_histogram.csv",
    "dtm_stats_csv": "assets/sensitivity_dtm_difference_stats.csv"
  },
  "display": {
    "dtm_vmin": 73.69842834472657,
    "dtm_vmax": 148.7795883178711,
    "dtm_difference_symmetric_limit": 14.54998779296875,
    "score_difference_vmin": -3.15000057220459,
    "score_difference_vmax": 3.15000057220459
  },
  "raster_artifacts": {
    "final_score": {
      "path": "/home/kaue/landslide_susc_modelling/IBGE_method/outputs/ibge_susceptibility_score_1to10.tif",
      "size_mb": 18.85027313232422,
      "included_in_website": false
    },
    "alternative_score": {
      "path": "/home/kaue/landslide_susc_modelling/IBGE_method/dtm_sensitivity/DTM_OTJC_3_1_16cm/outputs/ibge_susceptibility_score_1to10.tif",
      "size_mb": 18.173754692077637,
      "included_in_website": false
    },
    "score_difference": {
      "path": "/home/kaue/landslide_susc_modelling/IBGE_method/dtm_sensitivity/DTM_OTJC_3_1_16cm/comparison/score_difference_alt_minus_final.tif",
      "size_mb": 24.720727920532227,
      "included_in_website": false
    },
    "dtm_difference": {
      "path": "/home/kaue/landslide_susc_modelling/IBGE_method/dtm_sensitivity/DTM_OTJC_3_1_16cm/comparison/dtm_difference_alt_minus_final.tif",
      "size_mb": 103.37075424194336,
      "included_in_website": false
    }
  },
  "asset_policy": {
    "web_assets_are_downsampled": true,
    "full_geotiffs_are_not_copied_to_website": true,
    "github_file_size_limit_mb": 100
  }
}