{
  "agreement_summary": {
    "by_predicted_class": {
      "1": {
        "mean_agreement": 0.08923566341400146,
        "mean_confidence": 0.9844790697097778,
        "mean_entropy": 0.04093528166413307,
        "mean_margin": 0.9748177528381348,
        "pixels": 64849586
      },
      "2": {
        "mean_agreement": 0.8505074977874756,
        "mean_confidence": 0.812771201133728,
        "mean_entropy": 0.29141807556152344,
        "mean_margin": 0.6813079714775085,
        "pixels": 846639
      },
      "3": {
        "mean_agreement": 0.9308327436447144,
        "mean_confidence": 0.9156689643859863,
        "mean_entropy": 0.12198824435472488,
        "mean_margin": 0.8558903932571411,
        "pixels": 470202
      },
      "4": {
        "mean_agreement": 0.9605932831764221,
        "mean_confidence": 0.9402879476547241,
        "mean_entropy": 0.10407375544309616,
        "mean_margin": 0.8927902579307556,
        "pixels": 29033553
      },
      "5": {
        "mean_agreement": 0.9003928899765015,
        "mean_confidence": 0.8703951835632324,
        "mean_entropy": 0.19672653079032898,
        "mean_margin": 0.7636779546737671,
        "pixels": 8298604
      }
    },
    "high_entropy_pixels": 0,
    "low_agreement_pixels": 59551277,
    "low_margin_pixels": 2408857,
    "mean_agreement": 0.40876007080078125,
    "mean_confidence": 0.961217999458313,
    "mean_entropy": 0.07355567067861557,
    "mean_margin": 0.9319366216659546,
    "valid_pixels": 103498584
  },
  "metrics": {
    "test": {
      "confusion": [
        [
          208596,
          0,
          0,
          0,
          0
        ],
        [
          0,
          14715,
          0,
          0,
          0
        ],
        [
          0,
          144,
          32772,
          0,
          0
        ],
        [
          0,
          0,
          0,
          180549,
          0
        ],
        [
          0,
          0,
          0,
          0,
          202765
        ]
      ],
      "evaluated_pixels": 639541,
      "macro_f1": 0.9985877353931862,
      "macro_iou": 0.9971868263094892,
      "overall_accuracy": 0.9997748385169989,
      "per_class": {
        "0": {
          "f1": 1.0,
          "iou": 1.0,
          "predicted_pixels": 208596,
          "support_pixels": 208596
        },
        "1": {
          "f1": 0.9951308581862447,
          "iou": 0.9903089036947305,
          "predicted_pixels": 14859,
          "support_pixels": 14715
        },
        "2": {
          "f1": 0.9978078187796858,
          "iou": 0.995625227852716,
          "predicted_pixels": 32772,
          "support_pixels": 32916
        },
        "3": {
          "f1": 1.0,
          "iou": 1.0,
          "predicted_pixels": 180549,
          "support_pixels": 180549
        },
        "4": {
          "f1": 1.0,
          "iou": 1.0,
          "predicted_pixels": 202765,
          "support_pixels": 202765
        }
      }
    },
    "val": {
      "confusion": [
        [
          428768,
          0,
          0,
          0,
          0
        ],
        [
          0,
          31866,
          0,
          0,
          0
        ],
        [
          0,
          0,
          101288,
          0,
          0
        ],
        [
          0,
          0,
          0,
          397713,
          0
        ],
        [
          0,
          0,
          0,
          0,
          493179
        ]
      ],
      "evaluated_pixels": 1452814,
      "macro_f1": 1.0,
      "macro_iou": 1.0,
      "overall_accuracy": 1.0,
      "per_class": {
        "0": {
          "f1": 1.0,
          "iou": 1.0,
          "predicted_pixels": 428768,
          "support_pixels": 428768
        },
        "1": {
          "f1": 1.0,
          "iou": 1.0,
          "predicted_pixels": 31866,
          "support_pixels": 31866
        },
        "2": {
          "f1": 1.0,
          "iou": 1.0,
          "predicted_pixels": 101288,
          "support_pixels": 101288
        },
        "3": {
          "f1": 1.0,
          "iou": 1.0,
          "predicted_pixels": 397713,
          "support_pixels": 397713
        },
        "4": {
          "f1": 1.0,
          "iou": 1.0,
          "predicted_pixels": 493179,
          "support_pixels": 493179
        }
      }
    }
  },
  "outputs": {
    "agreement": "/home/kaue/landslide_susc_modelling/IBGE_method/own_LULC/outputs_fullres/lulc_custom_ensemble_agreement_16cm.tif",
    "confidence": "/home/kaue/landslide_susc_modelling/IBGE_method/own_LULC/outputs_fullres/lulc_custom_ensemble_confidence_16cm.tif",
    "ensemble_lulc": "/home/kaue/landslide_susc_modelling/IBGE_method/own_LULC/outputs_fullres/lulc_custom_ensemble_16cm.tif",
    "ensemble_probabilities": "/home/kaue/landslide_susc_modelling/IBGE_method/own_LULC/outputs_fullres/lulc_custom_ensemble_probabilities_16cm.tif",
    "entropy": "/home/kaue/landslide_susc_modelling/IBGE_method/own_LULC/outputs_fullres/lulc_custom_ensemble_entropy_16cm.tif",
    "margin": "/home/kaue/landslide_susc_modelling/IBGE_method/own_LULC/outputs_fullres/lulc_custom_ensemble_margin_16cm.tif"
  },
  "promoted_lulc": "/home/kaue/landslide_susc_modelling/IBGE_method/own_LULC/outputs_fullres/lulc_custom_16cm.tif",
  "promoted_probabilities": "/home/kaue/landslide_susc_modelling/IBGE_method/own_LULC/outputs_fullres/lulc_custom_probabilities_16cm.tif",
  "resolution": 0.16,
  "run_id": "ensemble_probability_average_diverse_top_models",
  "selection_type": "ensemble",
  "strategy": "probability_average",
  "voter_policy": "diverse_top_models",
  "voter_run_ids": [
    "fullres_unetplusplus_resnet18_focal_lovasz_rgb_indices_seed42",
    "fullres_deeplabv3plus_resnet18_focal_dice_rgb_seed42",
    "fullres_unet_resnet34_weighted_ce_lovasz_rgb_seed42",
    "fullres_unet_mit_b0_focal_lovasz_rgb_seed42",
    "fullres_fpn_resnet34_weighted_ce_lovasz_rgb_seed42"
  ],
  "voters": [
    {
      "architecture": "unetplusplus",
      "best_epoch": 61,
      "best_score": 0.9973474783358391,
      "encoder": "resnet18",
      "epochs": 100,
      "experiment": "fullres_unetplusplus_resnet18_focal_lovasz_rgb_indices",
      "experiment_config": {
        "feature_set": "rgb_indices",
        "inference_overlap": 64,
        "inference_window_size": 256,
        "loss": {
          "name": "focal_lovasz"
        },
        "model": {
          "architecture": "unetplusplus",
          "encoder": "resnet18"
        },
        "resolution": 0.16,
        "seeds": [
          42
        ],
        "stride": 96,
        "tile_size": 192
      },
      "feature_set": "rgb_indices",
      "loss": "focal_lovasz",
      "output_dir": "/home/kaue/landslide_susc_modelling/IBGE_method/own_LULC/outputs_fullres/experiments/fullres_unetplusplus_resnet18_focal_lovasz_rgb_indices_seed42",
      "resolution": 0.16,
      "run_id": "fullres_unetplusplus_resnet18_focal_lovasz_rgb_indices_seed42",
      "seed": 42,
      "stride": 96,
      "test_macro_f1": 0.9879718124295014,
      "test_macro_iou": 0.9767295962254448,
      "test_overall_accuracy": 0.9980392187521988,
      "tile_size": 192,
      "val_macro_f1": 0.9986668794929725,
      "val_macro_iou": 0.9973474783358391,
      "val_overall_accuracy": 0.9996276192272376
    },
    {
      "architecture": "deeplabv3plus",
      "best_epoch": 68,
      "best_score": 0.9977573493109675,
      "encoder": "resnet18",
      "epochs": 100,
      "experiment": "fullres_deeplabv3plus_resnet18_focal_dice_rgb",
      "experiment_config": {
        "feature_set": "rgb",
        "inference_overlap": 64,
        "inference_window_size": 256,
        "loss": {
          "name": "focal_dice"
        },
        "model": {
          "architecture": "deeplabv3plus",
          "encoder": "resnet18"
        },
        "resolution": 0.16,
        "seeds": [
          42
        ],
        "stride": 96,
        "tile_size": 192
      },
      "feature_set": "rgb",
      "loss": "focal_dice",